Metric,Value
RMSE,103095.07663167428
MAE,59909.006444184895
R-squared,0.9872075844902201
Mean Bias,11600.129866990243
